symbol,name,exchange_name,quote_type,output_amount_formatted,price_per_token,slippage_limit_percent,quoted_at
uSHIB,uSHIB Token,KyberSwap,SELL,993.93717700,0.00001238,0.50,2025-06-09 05:21:42.572977+00
uSHIB,uSHIB Token,Universal Assets,BUY,80255931.57403299,0.00001246,0.20,2025-06-09 05:21:42.405539+00
uDOGE,uDOGE Token,KyberSwap,SELL,991.84970600,0.18110654,0.50,2025-06-09 05:21:41.923318+00
uDOGE,uDOGE Token,Universal Assets,BUY,5476.60898952,0.18259474,0.20,2025-06-09 05:21:41.767868+00
uSEI,uSEI Token,KyberSwap,SELL,840.97682100,0.15828811,0.50,2025-06-09 05:21:41.40385+00
uSEI,uSEI Token,Universal Assets,BUY,5312.94989111,0.18821935,0.20,2025-06-09 05:21:41.193062+00
uBTC,Bitcoin,KyberSwap,SELL,993.90722400,105289.64230564,0.50,2025-06-09 05:21:40.822545+00
uBTC,Bitcoin,Universal Assets,BUY,0.00943974,105935.08102486,0.20,2025-06-09 05:21:40.619682+00
uAPT,uAPT Token,KyberSwap,SELL,956.91094700,4.49643639,0.50,2025-06-09 05:21:23.52452+00
uAPT,uAPT Token,Universal Assets,BUY,212.81540830,4.69890788,0.20,2025-06-09 05:21:23.317148+00
uLINK,uLINK Token,KyberSwap,SELL,990.38648600,13.54503935,0.50,2025-06-09 05:21:22.884181+00
uLINK,uLINK Token,Universal Assets,BUY,73.11802207,13.67651875,0.20,2025-06-09 05:21:22.727271+00
uSHIB,uSHIB Token,KyberSwap,SELL,994.04066000,0.00001239,0.50,2025-06-09 05:21:22.308838+00
uSHIB,uSHIB Token,Universal Assets,BUY,80255931.57403299,0.00001246,0.20,2025-06-09 05:21:22.136937+00
uDOGE,uDOGE Token,KyberSwap,SELL,991.95319900,0.18112544,0.50,2025-06-09 05:21:21.711445+00
uDOGE,uDOGE Token,Universal Assets,BUY,5476.60898952,0.18259474,0.20,2025-06-09 05:21:21.546235+00
uSEI,uSEI Token,KyberSwap,SELL,841.06238300,0.15830422,0.50,2025-06-09 05:21:21.180668+00
uSEI,uSEI Token,Universal Assets,BUY,5312.94989111,0.18821935,0.20,2025-06-09 05:21:21.022872+00
uBTC,Bitcoin,KyberSwap,SELL,993.75547300,105298.10172506,0.50,2025-06-09 05:21:20.660431+00
uBTC,Bitcoin,Universal Assets,BUY,0.00943754,105959.77037206,0.20,2025-06-09 05:21:20.465937+00
uAPT,uAPT Token,KyberSwap,SELL,956.90381000,4.49640286,0.50,2025-06-09 05:21:03.88169+00
uAPT,uAPT Token,Universal Assets,BUY,212.81540830,4.69890788,0.20,2025-06-09 05:21:03.681493+00
uLINK,uLINK Token,KyberSwap,SELL,989.97841800,13.54493924,0.50,2025-06-09 05:21:03.31252+00
uLINK,uLINK Token,Universal Assets,BUY,73.08843552,13.68205507,0.20,2025-06-09 05:21:03.150838+00
uSHIB,uSHIB Token,KyberSwap,SELL,993.23578200,0.00001239,0.50,2025-06-09 05:21:02.76103+00
uSHIB,uSHIB Token,Universal Assets,BUY,80191313.27163844,0.00001247,0.20,2025-06-09 05:21:02.579127+00
uDOGE,uDOGE Token,KyberSwap,SELL,991.94580000,0.18112409,0.50,2025-06-09 05:21:02.212023+00
uDOGE,uDOGE Token,Universal Assets,BUY,5476.60898952,0.18259474,0.20,2025-06-09 05:21:02.047235+00
uSEI,uSEI Token,KyberSwap,SELL,841.05331300,0.15835483,0.50,2025-06-09 05:21:01.66599+00
uSEI,uSEI Token,Universal Assets,BUY,5311.19455402,0.18828156,0.20,2025-06-09 05:21:01.506139+00
uBTC,Bitcoin,KyberSwap,SELL,993.60004700,105297.98372076,0.50,2025-06-09 05:21:01.144103+00
uBTC,Bitcoin,Universal Assets,BUY,0.00943608,105976.22659006,0.20,2025-06-09 05:21:00.983013+00
uAPT,uAPT Token,KyberSwap,SELL,956.92128900,4.49648499,0.50,2025-06-09 05:20:43.310779+00
uAPT,uAPT Token,Universal Assets,BUY,212.81540830,4.69890788,0.20,2025-06-09 05:20:43.149821+00
uLINK,uLINK Token,KyberSwap,SELL,990.19929900,13.54534972,0.50,2025-06-09 05:20:42.748467+00
uLINK,uLINK Token,Universal Assets,BUY,73.10252741,13.67941760,0.20,2025-06-09 05:20:42.587576+00
uSHIB,uSHIB Token,KyberSwap,SELL,993.26591400,0.00001239,0.50,2025-06-09 05:20:42.211241+00
uSHIB,uSHIB Token,Universal Assets,BUY,80191313.27163844,0.00001247,0.20,2025-06-09 05:20:42.015451+00
uDOGE,uDOGE Token,KyberSwap,SELL,992.03040100,0.18112957,0.50,2025-06-09 05:20:41.632984+00
uDOGE,uDOGE Token,Universal Assets,BUY,5476.91015031,0.18258470,0.20,2025-06-09 05:20:41.47707+00
uSEI,uSEI Token,KyberSwap,SELL,841.07996300,0.15839237,0.50,2025-06-09 05:20:41.108558+00
uSEI,uSEI Token,Universal Assets,BUY,5310.10389730,0.18832023,0.20,2025-06-09 05:20:40.946173+00
uBTC,Bitcoin,KyberSwap,SELL,993.68853500,105309.56626913,0.50,2025-06-09 05:20:40.533923+00
uBTC,Bitcoin,Universal Assets,BUY,0.00943588,105978.44551878,0.20,2025-06-09 05:20:40.219887+00
uLINK,uLINK Token,KyberSwap,SELL,990.18929400,13.54397564,0.50,2025-06-09 05:20:22.232416+00
uLINK,uLINK Token,Universal Assets,BUY,73.10920517,13.67816813,0.20,2025-06-09 05:20:22.068281+00
uSHIB,uSHIB Token,KyberSwap,SELL,993.16516900,0.00001238,0.50,2025-06-09 05:20:21.692315+00
uSHIB,uSHIB Token,Universal Assets,BUY,80191313.27163844,0.00001247,0.20,2025-06-09 05:20:21.535161+00
uDOGE,uDOGE Token,KyberSwap,SELL,992.18530600,0.18111117,0.50,2025-06-09 05:20:21.119658+00
uDOGE,uDOGE Token,Universal Assets,BUY,5478.32213029,0.18253764,0.20,2025-06-09 05:20:20.949819+00
uSEI,uSEI Token,KyberSwap,SELL,840.99351900,0.15832336,0.50,2025-06-09 05:20:20.505828+00
uSEI,uSEI Token,Universal Assets,BUY,5311.87259111,0.18825753,0.20,2025-06-09 05:20:20.19406+00
uBTC,Bitcoin,KyberSwap,SELL,993.56319900,105299.27608670,0.50,2025-06-09 05:20:19.816784+00
uBTC,Bitcoin,Universal Assets,BUY,0.00943561,105981.45763922,0.20,2025-06-09 05:20:19.66275+00
uAPT,uAPT Token,KyberSwap,SELL,958.77646100,4.49557577,0.50,2025-06-09 05:20:03.926721+00
uAPT,uAPT Token,Universal Assets,BUY,213.27111581,4.68886748,0.20,2025-06-09 05:20:03.740446+00
uLINK,uLINK Token,KyberSwap,SELL,990.31607300,13.54359315,0.50,2025-06-09 05:20:03.322766+00
uLINK,uLINK Token,Universal Assets,BUY,73.12063071,13.67603083,0.20,2025-06-09 05:20:03.130255+00
uSHIB,uSHIB Token,KyberSwap,SELL,993.93449000,0.00001238,0.50,2025-06-09 05:20:02.674435+00
uSHIB,uSHIB Token,Universal Assets,BUY,80255931.57403299,0.00001246,0.20,2025-06-09 05:20:02.44985+00
uDOGE,uDOGE Token,KyberSwap,SELL,992.22889600,0.18110604,0.50,2025-06-09 05:20:01.849824+00
uDOGE,uDOGE Token,Universal Assets,BUY,5478.71781085,0.18252446,0.20,2025-06-09 05:20:01.66261+00
uSEI,uSEI Token,KyberSwap,SELL,840.98055300,0.15828713,0.50,2025-06-09 05:20:01.276116+00
uSEI,uSEI Token,Universal Assets,BUY,5313.00665551,0.18821734,0.20,2025-06-09 05:20:01.120333+00
uBTC,Bitcoin,KyberSwap,SELL,993.53811700,105294.29955039,0.50,2025-06-09 05:20:00.715961+00
uBTC,Bitcoin,Universal Assets,BUY,0.00943582,105979.12425175,0.20,2025-06-09 05:20:00.554158+00
uAPT,uAPT Token,KyberSwap,SELL,958.62273700,4.49485498,0.50,2025-06-09 05:19:43.773767+00
uAPT,uAPT Token,Universal Assets,BUY,213.27111581,4.68886748,0.20,2025-06-09 05:19:43.615443+00
uLINK,uLINK Token,KyberSwap,SELL,990.16235300,13.54148965,0.50,2025-06-09 05:19:43.249574+00
uLINK,uLINK Token,Universal Assets,BUY,73.12063730,13.67602960,0.20,2025-06-09 05:19:43.047354+00
uSHIB,uSHIB Token,KyberSwap,SELL,993.78016500,0.00001238,0.50,2025-06-09 05:19:42.683939+00
uSHIB,uSHIB Token,Universal Assets,BUY,80255931.57403299,0.00001246,0.20,2025-06-09 05:19:42.525637+00
uDOGE,uDOGE Token,KyberSwap,SELL,992.23842600,0.18107789,0.50,2025-06-09 05:19:42.156727+00
uDOGE,uDOGE Token,Universal Assets,BUY,5479.62208865,0.18249434,0.20,2025-06-09 05:19:41.972719+00
uSEI,uSEI Token,KyberSwap,SELL,840.89630400,0.15823918,0.50,2025-06-09 05:19:41.60023+00
uSEI,uSEI Token,Universal Assets,BUY,5314.08395551,0.18817919,0.20,2025-06-09 05:19:41.409728+00
uBTC,Bitcoin,KyberSwap,SELL,993.51161000,105288.82098158,0.50,2025-06-09 05:19:41.04043+00
uBTC,Bitcoin,Universal Assets,BUY,0.00943606,105976.43743849,0.20,2025-06-09 05:19:40.87271+00
uAPT,uAPT Token,KyberSwap,SELL,958.50994800,4.49432613,0.50,2025-06-09 05:19:24.47174+00
uAPT,uAPT Token,Universal Assets,BUY,213.27111581,4.68886748,0.20,2025-06-09 05:19:24.316426+00
uLINK,uLINK Token,KyberSwap,SELL,990.26397700,13.53989423,0.50,2025-06-09 05:19:23.947799+00
uLINK,uLINK Token,Universal Assets,BUY,73.13675871,13.67301501,0.20,2025-06-09 05:19:23.789432+00
uSHIB,uSHIB Token,KyberSwap,SELL,993.66401500,0.00001238,0.50,2025-06-09 05:19:23.420522+00
uSHIB,uSHIB Token,Universal Assets,BUY,80255931.57403299,0.00001246,0.20,2025-06-09 05:19:23.255538+00
uDOGE,uDOGE Token,KyberSwap,SELL,992.23066100,0.18105655,0.50,2025-06-09 05:19:22.431915+00
uDOGE,uDOGE Token,Universal Assets,BUY,5480.22510638,0.18247426,0.20,2025-06-09 05:19:22.272552+00
uSEI,uSEI Token,KyberSwap,SELL,840.74188100,0.15819157,0.50,2025-06-09 05:19:21.883267+00
uSEI,uSEI Token,Universal Assets,BUY,5314.70710157,0.18815712,0.20,2025-06-09 05:19:21.722739+00
uBTC,Bitcoin,KyberSwap,SELL,993.68562600,105312.25107862,0.50,2025-06-09 05:19:21.321518+00
uBTC,Bitcoin,Universal Assets,BUY,0.00943561,105981.45763922,0.20,2025-06-09 05:19:21.166977+00
uAPT,uAPT Token,KyberSwap,SELL,958.68283300,4.49513676,0.50,2025-06-09 05:19:03.078877+00
uAPT,uAPT Token,Universal Assets,BUY,213.27111581,4.68886748,0.20,2025-06-09 05:19:02.911923+00
uLINK,uLINK Token,KyberSwap,SELL,990.73375900,13.54233862,0.50,2025-06-09 05:19:02.541236+00
uLINK,uLINK Token,Universal Assets,BUY,73.15824740,13.66899886,0.20,2025-06-09 05:19:02.34231+00
uSHIB,uSHIB Token,KyberSwap,SELL,993.84254900,0.00001238,0.50,2025-06-09 05:19:01.942963+00
uSHIB,uSHIB Token,Universal Assets,BUY,80255931.57403299,0.00001246,0.20,2025-06-09 05:19:01.784814+00
uDOGE,uDOGE Token,KyberSwap,SELL,992.40983400,0.18108925,0.50,2025-06-09 05:19:01.271781+00
uDOGE,uDOGE Token,Universal Assets,BUY,5480.22510638,0.18247426,0.20,2025-06-09 05:19:01.103121+00
uSEI,uSEI Token,KyberSwap,SELL,840.89366600,0.15815598,0.50,2025-06-09 05:19:00.706934+00
uSEI,uSEI Token,Universal Assets,BUY,5316.86285130,0.18808083,0.20,2025-06-09 05:19:00.543405+00
uBTC,Bitcoin,KyberSwap,SELL,993.81752600,105313.29812117,0.50,2025-06-09 05:19:00.136757+00
uBTC,Bitcoin,Universal Assets,BUY,0.00943677,105968.44527892,0.20,2025-06-09 05:18:59.963587+00
uAPT,uAPT Token,KyberSwap,SELL,958.58076600,4.49465818,0.50,2025-06-09 05:18:43.890438+00
uAPT,uAPT Token,Universal Assets,BUY,213.27111581,4.68886748,0.20,2025-06-09 05:18:43.73555+00
uLINK,uLINK Token,KyberSwap,SELL,990.84569000,13.54090450,0.50,2025-06-09 05:18:43.356481+00
uLINK,uLINK Token,Universal Assets,BUY,73.17426172,13.66600737,0.20,2025-06-09 05:18:43.195485+00
uSHIB,uSHIB Token,KyberSwap,SELL,993.73739200,0.00001238,0.50,2025-06-09 05:18:42.805818+00
uSHIB,uSHIB Token,Universal Assets,BUY,80255931.57403299,0.00001246,0.20,2025-06-09 05:18:42.637482+00
uDOGE,uDOGE Token,KyberSwap,SELL,992.79607600,0.18107001,0.50,2025-06-09 05:18:42.273966+00
uDOGE,uDOGE Token,Universal Assets,BUY,5482.94032939,0.18238389,0.20,2025-06-09 05:18:42.117684+00
uSEI,uSEI Token,KyberSwap,SELL,840.80644000,0.15813958,0.50,2025-06-09 05:18:41.723092+00
uSEI,uSEI Token,Universal Assets,BUY,5316.86285130,0.18808083,0.20,2025-06-09 05:18:41.569601+00
uBTC,Bitcoin,KyberSwap,SELL,993.67273900,105297.33670174,0.50,2025-06-09 05:18:41.201936+00
uBTC,Bitcoin,Universal Assets,BUY,0.00943683,105967.82277403,0.20,2025-06-09 05:18:41.046511+00
uAPT,uAPT Token,KyberSwap,SELL,958.58204700,4.49466419,0.50,2025-06-09 05:18:24.074129+00
uAPT,uAPT Token,Universal Assets,BUY,213.27111581,4.68886748,0.20,2025-06-09 05:18:23.920266+00
uLINK,uLINK Token,KyberSwap,SELL,990.78226300,13.54092214,0.50,2025-06-09 05:18:23.428515+00
uLINK,uLINK Token,Universal Assets,BUY,73.16948234,13.66690003,0.20,2025-06-09 05:18:23.273239+00
uSHIB,uSHIB Token,KyberSwap,SELL,993.73866800,0.00001238,0.50,2025-06-09 05:18:22.875244+00
uSHIB,uSHIB Token,Universal Assets,BUY,80255931.57403299,0.00001246,0.20,2025-06-09 05:18:22.715136+00
uDOGE,uDOGE Token,KyberSwap,SELL,992.74280800,0.18107025,0.50,2025-06-09 05:18:22.347163+00
uDOGE,uDOGE Token,Universal Assets,BUY,5482.63884004,0.18239392,0.20,2025-06-09 05:18:22.172442+00
uSEI,uSEI Token,KyberSwap,SELL,840.80186000,0.15817078,0.50,2025-06-09 05:18:21.768793+00
uSEI,uSEI Token,Universal Assets,BUY,5315.78497643,0.18811897,0.20,2025-06-09 05:18:21.602016+00
uBTC,Bitcoin,KyberSwap,SELL,993.64399100,105297.53136593,0.50,2025-06-09 05:18:21.236955+00
uBTC,Bitcoin,Universal Assets,BUY,0.00943654,105971.08453297,0.20,2025-06-09 05:18:21.068777+00
uAPT,uAPT Token,KyberSwap,SELL,958.58204700,4.49466419,0.50,2025-06-09 05:18:03.468563+00
uAPT,uAPT Token,Universal Assets,BUY,213.27111581,4.68886748,0.20,2025-06-09 05:18:03.284984+00
uLINK,uLINK Token,KyberSwap,SELL,991.28511300,13.54092113,0.50,2025-06-09 05:18:02.895736+00
uLINK,uLINK Token,Universal Assets,BUY,73.20662336,13.65996619,0.20,2025-06-09 05:18:02.740825+00
uSHIB,uSHIB Token,KyberSwap,SELL,993.73866800,0.00001238,0.50,2025-06-09 05:18:02.369961+00
uSHIB,uSHIB Token,Universal Assets,BUY,80255931.57403299,0.00001246,0.20,2025-06-09 05:18:02.213796+00
uDOGE,uDOGE Token,KyberSwap,SELL,993.34378400,0.18107017,0.50,2025-06-09 05:18:01.836528+00
uDOGE,uDOGE Token,Universal Assets,BUY,5485.96040118,0.18228349,0.20,2025-06-09 05:18:01.682442+00
uSEI,uSEI Token,KyberSwap,SELL,840.81207600,0.15805625,0.50,2025-06-09 05:18:01.31289+00
uSEI,uSEI Token,Universal Assets,BUY,5319.70153942,0.18798047,0.20,2025-06-09 05:18:01.078487+00
uBTC,Bitcoin,KyberSwap,SELL,993.69682200,105297.68378239,0.50,2025-06-09 05:18:00.635762+00
uBTC,Bitcoin,Universal Assets,BUY,0.00943702,105965.60384531,0.20,2025-06-09 05:18:00.454951+00
uAPT,uAPT Token,KyberSwap,SELL,956.78613000,4.49584989,0.50,2025-06-09 05:17:42.891893+00
uAPT,uAPT Token,Universal Assets,BUY,212.81540830,4.69890788,0.20,2025-06-09 05:17:42.739999+00
uLINK,uLINK Token,KyberSwap,SELL,990.58252000,13.54325875,0.50,2025-06-09 05:17:42.328998+00
uLINK,uLINK Token,Universal Assets,BUY,73.14210992,13.67201467,0.20,2025-06-09 05:17:42.164975+00
uSHIB,uSHIB Token,KyberSwap,SELL,993.91003300,0.00001238,0.50,2025-06-09 05:17:41.785244+00
uSHIB,uSHIB Token,Universal Assets,BUY,80255931.57403299,0.00001246,0.20,2025-06-09 05:17:41.632529+00
uDOGE,uDOGE Token,KyberSwap,SELL,992.91395600,0.18110148,0.50,2025-06-09 05:17:41.276429+00
uDOGE,uDOGE Token,Universal Assets,BUY,5482.63850509,0.18239393,0.20,2025-06-09 05:17:41.121349+00
uSEI,uSEI Token,KyberSwap,SELL,840.95234400,0.15828351,0.50,2025-06-09 05:17:40.73599+00
uSEI,uSEI Token,Universal Assets,BUY,5312.94989111,0.18821935,0.20,2025-06-09 05:17:40.581638+00
uBTC,Bitcoin,KyberSwap,SELL,993.46591400,105291.95811958,0.50,2025-06-09 05:17:40.099811+00
uBTC,Bitcoin,Universal Assets,BUY,0.00943534,105984.46975966,0.20,2025-06-09 05:17:39.944723+00
uAPT,uAPT Token,KyberSwap,SELL,958.74118900,4.49541039,0.50,2025-06-09 05:17:22.811246+00
uAPT,uAPT Token,Universal Assets,BUY,213.27111581,4.68886748,0.20,2025-06-09 05:17:22.65246+00
uLINK,uLINK Token,KyberSwap,SELL,990.64103700,13.54306415,0.50,2025-06-09 05:17:22.224432+00
uLINK,uLINK Token,Universal Assets,BUY,73.14748170,13.67101063,0.20,2025-06-09 05:17:22.051281+00
uSHIB,uSHIB Token,KyberSwap,SELL,994.06433700,0.00001239,0.50,2025-06-09 05:17:21.685463+00
uSHIB,uSHIB Token,Universal Assets,BUY,80255931.57403299,0.00001246,0.20,2025-06-09 05:17:21.531305+00
uDOGE,uDOGE Token,KyberSwap,SELL,992.99791200,0.18109998,0.50,2025-06-09 05:17:21.172455+00
uDOGE,uDOGE Token,Universal Assets,BUY,5483.14751725,0.18237700,0.20,2025-06-09 05:17:20.978867+00
uSEI,uSEI Token,KyberSwap,SELL,840.94651800,0.15825032,0.50,2025-06-09 05:17:20.570447+00
uSEI,uSEI Token,Universal Assets,BUY,5314.02719111,0.18818120,0.20,2025-06-09 05:17:20.222492+00
uBTC,Bitcoin,KyberSwap,SELL,993.43256900,105288.42406744,0.50,2025-06-09 05:17:19.850544+00
uBTC,Bitcoin,Universal Assets,BUY,0.00943534,105984.46975966,0.20,2025-06-09 05:17:19.697689+00
uAPT,uAPT Token,KyberSwap,SELL,957.23819400,4.49797410,0.50,2025-06-09 05:17:02.839405+00
uAPT,uAPT Token,Universal Assets,BUY,212.81540830,4.69890788,0.20,2025-06-09 05:17:02.678531+00
uLINK,uLINK Token,KyberSwap,SELL,990.32012200,13.54967241,0.50,2025-06-09 05:17:02.272106+00
uLINK,uLINK Token,Universal Assets,BUY,73.08812286,13.68211360,0.20,2025-06-09 05:17:02.09974+00
uSHIB,uSHIB Token,KyberSwap,SELL,993.58286100,0.00001239,0.50,2025-06-09 05:17:01.728123+00
uSHIB,uSHIB Token,Universal Assets,BUY,80191313.27163844,0.00001247,0.20,2025-06-09 05:17:01.567972+00
uDOGE,uDOGE Token,KyberSwap,SELL,992.89252500,0.18118729,0.50,2025-06-09 05:17:01.210125+00
uDOGE,uDOGE Token,Universal Assets,BUY,5479.92358093,0.18248430,0.20,2025-06-09 05:17:01.05519+00
uSEI,uSEI Token,KyberSwap,SELL,841.34721500,0.15849291,0.50,2025-06-09 05:17:00.689659+00
uSEI,uSEI Token,Universal Assets,BUY,5308.42163910,0.18837991,0.20,2025-06-09 05:17:00.533173+00
uBTC,Bitcoin,KyberSwap,SELL,993.74201400,105338.18229859,0.50,2025-06-09 05:16:59.958669+00
uBTC,Bitcoin,Universal Assets,BUY,0.00943383,106001.53844214,0.20,2025-06-09 05:16:59.80347+00
uAPT,uAPT Token,KyberSwap,SELL,956.95780200,4.49665656,0.50,2025-06-09 05:16:42.682489+00
uAPT,uAPT Token,Universal Assets,BUY,212.81540830,4.69890788,0.20,2025-06-09 05:16:42.513461+00
uLINK,uLINK Token,KyberSwap,SELL,990.10693100,13.54570345,0.50,2025-06-09 05:16:42.000255+00
uLINK,uLINK Token,Universal Assets,BUY,73.09379942,13.68105103,0.20,2025-06-09 05:16:41.795238+00
uSHIB,uSHIB Token,KyberSwap,SELL,993.32094300,0.00001239,0.50,2025-06-09 05:16:41.387301+00
uSHIB,uSHIB Token,Universal Assets,BUY,80191313.27163844,0.00001247,0.20,2025-06-09 05:16:40.982886+00
uDOGE,uDOGE Token,KyberSwap,SELL,992.57621800,0.18113954,0.50,2025-06-09 05:16:40.608551+00
uDOGE,uDOGE Token,Universal Assets,BUY,5479.62208865,0.18249434,0.20,2025-06-09 05:16:40.330999+00
uSEI,uSEI Token,KyberSwap,SELL,841.10071600,0.15847861,0.50,2025-06-09 05:16:39.934682+00
uSEI,uSEI Token,Universal Assets,BUY,5307.34548699,0.18841811,0.20,2025-06-09 05:16:39.778154+00
uBTC,Bitcoin,KyberSwap,SELL,993.37249300,105309.31242614,0.50,2025-06-09 05:16:39.406869+00
uBTC,Bitcoin,Universal Assets,BUY,0.00943290,106011.90708241,0.20,2025-06-09 05:16:39.253287+00
uAPT,uAPT Token,KyberSwap,SELL,958.62410000,4.49486137,0.50,2025-06-09 05:16:22.53915+00
uAPT,uAPT Token,Universal Assets,BUY,213.27111581,4.68886748,0.20,2025-06-09 05:16:22.359924+00
uLINK,uLINK Token,KyberSwap,SELL,990.26540000,13.54150986,0.50,2025-06-09 05:16:21.978867+00
uLINK,uLINK Token,Universal Assets,BUY,73.12813787,13.67462688,0.20,2025-06-09 05:16:21.823456+00
uSHIB,uSHIB Token,KyberSwap,SELL,993.78165500,0.00001238,0.50,2025-06-09 05:16:21.465283+00
uSHIB,uSHIB Token,Universal Assets,BUY,80255931.57403299,0.00001246,0.20,2025-06-09 05:16:21.279675+00
uDOGE,uDOGE Token,KyberSwap,SELL,993.11453800,0.18107824,0.50,2025-06-09 05:16:20.918959+00
uDOGE,uDOGE Token,Universal Assets,BUY,5484.44994953,0.18233369,0.20,2025-06-09 05:16:20.687083+00
uSEI,uSEI Token,KyberSwap,SELL,840.84896400,0.15832428,0.50,2025-06-09 05:16:20.090887+00
uSEI,uSEI Token,Universal Assets,BUY,5310.92869581,0.18829099,0.20,2025-06-09 05:16:19.937734+00
uBTC,Bitcoin,KyberSwap,SELL,993.40688700,105301.19914423,0.50,2025-06-09 05:16:19.570067+00
uBTC,Bitcoin,Universal Assets,BUY,0.00943396,106000.06958098,0.20,2025-06-09 05:16:19.406826+00
uAPT,uAPT Token,KyberSwap,SELL,958.63953700,4.49493375,0.50,2025-06-09 05:16:03.145126+00
uAPT,uAPT Token,Universal Assets,BUY,213.27111581,4.68886748,0.20,2025-06-09 05:16:02.947975+00
uLINK,uLINK Token,KyberSwap,SELL,990.68862600,13.54172536,0.50,2025-06-09 05:16:02.576448+00
uLINK,uLINK Token,Universal Assets,BUY,73.15822762,13.66900255,0.20,2025-06-09 05:16:02.418895+00
uSHIB,uSHIB Token,KyberSwap,SELL,993.79755100,0.00001238,0.50,2025-06-09 05:16:02.047897+00
uSHIB,uSHIB Token,Universal Assets,BUY,80255931.57403299,0.00001246,0.20,2025-06-09 05:16:01.879516+00
uDOGE,uDOGE Token,KyberSwap,SELL,993.29330200,0.18108091,0.50,2025-06-09 05:16:01.452242+00
uDOGE,uDOGE Token,Universal Assets,BUY,5485.35612069,0.18230357,0.20,2025-06-09 05:16:01.296811+00
uSEI,uSEI Token,KyberSwap,SELL,840.85595300,0.15828064,0.50,2025-06-09 05:16:00.914857+00
uSEI,uSEI Token,Universal Assets,BUY,5312.43720271,0.18823752,0.20,2025-06-09 05:16:00.735799+00
uBTC,Bitcoin,KyberSwap,SELL,993.53137600,105302.32763108,0.50,2025-06-09 05:16:00.150329+00
uBTC,Bitcoin,Universal Assets,BUY,0.00943504,105987.92365776,0.20,2025-06-09 05:15:59.988455+00
uAPT,uAPT Token,KyberSwap,SELL,958.41264100,4.49386987,0.50,2025-06-09 05:15:41.925499+00
uAPT,uAPT Token,Universal Assets,BUY,213.27111581,4.68886748,0.20,2025-06-09 05:15:41.769672+00
uLINK,uLINK Token,KyberSwap,SELL,990.45453100,13.53852185,0.50,2025-06-09 05:15:41.410473+00
uLINK,uLINK Token,Universal Assets,BUY,73.15824740,13.66899886,0.20,2025-06-09 05:15:41.25798+00
uSHIB,uSHIB Token,KyberSwap,SELL,993.56244600,0.00001238,0.50,2025-06-09 05:15:40.898675+00
uSHIB,uSHIB Token,Universal Assets,BUY,80255931.57403299,0.00001246,0.20,2025-06-09 05:15:40.733843+00
uDOGE,uDOGE Token,KyberSwap,SELL,993.27697400,0.18103805,0.50,2025-06-09 05:15:40.275884+00
uDOGE,uDOGE Token,Universal Assets,BUY,5486.56481482,0.18226341,0.20,2025-06-09 05:15:40.098943+00
uSEI,uSEI Token,KyberSwap,SELL,840.65989500,0.15822677,0.50,2025-06-09 05:15:39.699182+00
uSEI,uSEI Token,Universal Assets,BUY,5313.00670871,0.18821734,0.20,2025-06-09 05:15:39.531836+00
uBTC,Bitcoin,KyberSwap,SELL,993.32129700,105277.85768491,0.50,2025-06-09 05:15:39.172021+00
uBTC,Bitcoin,Universal Assets,BUY,0.00943523,105985.70472904,0.20,2025-06-09 05:15:39.019513+00
uAPT,uAPT Token,KyberSwap,SELL,958.25329600,4.49312272,0.50,2025-06-09 05:15:22.61077+00
uAPT,uAPT Token,Universal Assets,BUY,213.27111581,4.68886748,0.20,2025-06-09 05:15:22.420936+00
uLINK,uLINK Token,KyberSwap,SELL,990.94467300,13.53626951,0.50,2025-06-09 05:15:22.001741+00
uLINK,uLINK Token,Universal Assets,BUY,73.20662996,13.65996496,0.20,2025-06-09 05:15:21.830456+00
uSHIB,uSHIB Token,KyberSwap,SELL,994.19549500,0.00001238,0.50,2025-06-09 05:15:21.462473+00
uSHIB,uSHIB Token,Universal Assets,BUY,80320654.09949592,0.00001245,0.20,2025-06-09 05:15:21.306163+00
uDOGE,uDOGE Token,KyberSwap,SELL,993.53934800,0.18097614,0.50,2025-06-09 05:15:20.941299+00
uDOGE,uDOGE Token,Universal Assets,BUY,5489.89147191,0.18215296,0.20,2025-06-09 05:15:20.781064+00
uSEI,uSEI Token,KyberSwap,SELL,840.51614900,0.15814910,0.50,2025-06-09 05:15:20.304508+00
uSEI,uSEI Token,Universal Assets,BUY,5314.70710157,0.18815712,0.20,2025-06-09 05:15:20.09471+00
uBTC,Bitcoin,KyberSwap,SELL,993.40748400,105252.51984228,0.50,2025-06-09 05:15:19.724908+00
uBTC,Bitcoin,Universal Assets,BUY,0.00943832,105951.00352826,0.20,2025-06-09 05:15:19.568048+00
uAPT,uAPT Token,KyberSwap,SELL,958.08973300,4.49235579,0.50,2025-06-09 05:15:01.769965+00
uAPT,uAPT Token,Universal Assets,BUY,213.27111581,4.68886748,0.20,2025-06-09 05:15:01.599042+00
uLINK,uLINK Token,KyberSwap,SELL,991.06695900,13.53395721,0.50,2025-06-09 05:15:01.189501+00
uLINK,uLINK Token,Universal Assets,BUY,73.22817294,13.65594634,0.20,2025-06-09 05:15:01.003779+00
uSHIB,uSHIB Token,KyberSwap,SELL,994.02570600,0.00001238,0.50,2025-06-09 05:15:00.608411+00
uSHIB,uSHIB Token,Universal Assets,BUY,80320654.09949592,0.00001245,0.20,2025-06-09 05:15:00.355013+00
uDOGE,uDOGE Token,KyberSwap,SELL,993.92701300,0.18097689,0.50,2025-06-09 05:14:59.935917+00
uDOGE,uDOGE Token,Universal Assets,BUY,5492.01053672,0.18208268,0.20,2025-06-09 05:14:59.763902+00
uSEI,uSEI Token,KyberSwap,SELL,840.37676900,0.15803850,0.50,2025-06-09 05:14:59.389938+00
uSEI,uSEI Token,Universal Assets,BUY,5317.54463873,0.18805672,0.20,2025-06-09 05:14:59.237341+00
uBTC,Bitcoin,KyberSwap,SELL,993.46296000,105234.78564364,0.50,2025-06-09 05:14:58.877492+00
uBTC,Bitcoin,Universal Assets,BUY,0.00944044,105927.23622393,0.20,2025-06-09 05:14:58.72429+00
uAPT,uAPT Token,KyberSwap,SELL,958.10916400,4.49244690,0.50,2025-06-09 05:14:42.01891+00
uAPT,uAPT Token,Universal Assets,BUY,213.27111581,4.68886748,0.20,2025-06-09 05:14:41.857971+00
uLINK,uLINK Token,KyberSwap,SELL,991.01672600,13.53423087,0.50,2025-06-09 05:14:41.487699+00
uLINK,uLINK Token,Universal Assets,BUY,73.22298071,13.65691468,0.20,2025-06-09 05:14:41.336241+00
uSHIB,uSHIB Token,KyberSwap,SELL,994.04579800,0.00001238,0.50,2025-06-09 05:14:40.973791+00
uSHIB,uSHIB Token,Universal Assets,BUY,80320654.09949592,0.00001245,0.20,2025-06-09 05:14:40.819439+00
uDOGE,uDOGE Token,KyberSwap,SELL,993.78282900,0.18098058,0.50,2025-06-09 05:14:40.304531+00
uDOGE,uDOGE Token,Universal Assets,BUY,5491.10216581,0.18211280,0.20,2025-06-09 05:14:40.113436+00
uSEI,uSEI Token,KyberSwap,SELL,840.39373600,0.15812607,0.50,2025-06-09 05:14:39.74649+00
uSEI,uSEI Token,Universal Assets,BUY,5314.70710157,0.18815712,0.20,2025-06-09 05:14:39.59275+00
uBTC,Bitcoin,KyberSwap,SELL,993.48304800,105236.89875425,0.50,2025-06-09 05:14:39.211158+00
uBTC,Bitcoin,Universal Assets,BUY,0.00944044,105927.22137143,0.20,2025-06-09 05:14:39.04989+00
uAPT,uAPT Token,KyberSwap,SELL,958.16162500,4.49269289,0.50,2025-06-09 05:14:22.156959+00
uAPT,uAPT Token,Universal Assets,BUY,213.27111581,4.68886748,0.20,2025-06-09 05:14:21.99812+00
uLINK,uLINK Token,KyberSwap,SELL,991.13875900,13.53496267,0.50,2025-06-09 05:14:21.594597+00
uLINK,uLINK Token,Universal Assets,BUY,73.22803788,13.65597152,0.20,2025-06-09 05:14:21.398443+00
uSHIB,uSHIB Token,KyberSwap,SELL,994.09957100,0.00001238,0.50,2025-06-09 05:14:21.03843+00
uSHIB,uSHIB Token,Universal Assets,BUY,80320654.09949592,0.00001245,0.20,2025-06-09 05:14:20.877431+00
uDOGE,uDOGE Token,KyberSwap,SELL,994.05560900,0.18099033,0.50,2025-06-09 05:14:20.505506+00
uDOGE,uDOGE Token,Universal Assets,BUY,5492.31339381,0.18207264,0.20,2025-06-09 05:14:20.196739+00
uSEI,uSEI Token,KyberSwap,SELL,840.43937100,0.15813465,0.50,2025-06-09 05:14:19.839964+00
uSEI,uSEI Token,Universal Assets,BUY,5314.70710157,0.18815712,0.20,2025-06-09 05:14:19.687111+00
uBTC,Bitcoin,KyberSwap,SELL,993.60972000,105242.35375908,0.50,2025-06-09 05:14:19.328827+00
uBTC,Bitcoin,Universal Assets,BUY,0.00944116,105919.20715015,0.20,2025-06-09 05:14:19.169456+00
uAPT,uAPT Token,KyberSwap,SELL,958.27946000,4.49324540,0.50,2025-06-09 05:14:01.940535+00
uAPT,uAPT Token,Universal Assets,BUY,213.27111581,4.68886748,0.20,2025-06-09 05:14:01.774786+00
uLINK,uLINK Token,KyberSwap,SELL,991.23573000,13.53662025,0.50,2025-06-09 05:14:01.372977+00
uLINK,uLINK Token,Universal Assets,BUY,73.22623458,13.65630782,0.20,2025-06-09 05:14:01.197787+00
uSHIB,uSHIB Token,KyberSwap,SELL,994.22130200,0.00001238,0.50,2025-06-09 05:14:00.825773+00
uSHIB,uSHIB Token,Universal Assets,BUY,80320654.09949592,0.00001245,0.20,2025-06-09 05:14:00.661205+00
uDOGE,uDOGE Token,KyberSwap,SELL,994.41669300,0.18101246,0.50,2025-06-09 05:14:00.154043+00
uDOGE,uDOGE Token,Universal Assets,BUY,5493.63657037,0.18202879,0.20,2025-06-09 05:13:59.989009+00
uSEI,uSEI Token,KyberSwap,SELL,840.53929600,0.15815346,0.50,2025-06-09 05:13:59.605711+00
uSEI,uSEI Token,Universal Assets,BUY,5314.70710157,0.18815712,0.20,2025-06-09 05:13:59.436699+00
uBTC,Bitcoin,KyberSwap,SELL,993.60957800,105242.33871855,0.50,2025-06-09 05:13:59.06823+00
uBTC,Bitcoin,Universal Assets,BUY,0.00944116,105919.20715015,0.20,2025-06-09 05:13:58.90898+00
uAPT,uAPT Token,KyberSwap,SELL,958.27128700,4.49320708,0.50,2025-06-09 05:13:42.345616+00
uAPT,uAPT Token,Universal Assets,BUY,213.27111581,4.68886748,0.20,2025-06-09 05:13:42.19122+00
uLINK,uLINK Token,KyberSwap,SELL,991.03469100,13.53650533,0.50,2025-06-09 05:13:41.824054+00
uLINK,uLINK Token,Universal Assets,BUY,73.21200462,13.65896215,0.20,2025-06-09 05:13:41.661801+00
uSHIB,uSHIB Token,KyberSwap,SELL,994.24140200,0.00001238,0.50,2025-06-09 05:13:41.300796+00
uSHIB,uSHIB Token,Universal Assets,BUY,80320654.09949592,0.00001245,0.20,2025-06-09 05:13:41.146561+00
uDOGE,uDOGE Token,KyberSwap,SELL,994.11544900,0.18101121,0.50,2025-06-09 05:13:40.756839+00
uDOGE,uDOGE Token,Universal Assets,BUY,5492.01053672,0.18208268,0.20,2025-06-09 05:13:40.60562+00
uSEI,uSEI Token,KyberSwap,SELL,840.55595400,0.15824099,0.50,2025-06-09 05:13:40.038342+00
uSEI,uSEI Token,Universal Assets,BUY,5311.87259111,0.18825753,0.20,2025-06-09 05:13:39.850876+00
uBTC,Bitcoin,KyberSwap,SELL,993.58042500,105243.28114860,0.50,2025-06-09 05:13:39.480863+00
uBTC,Bitcoin,Universal Assets,BUY,0.00944080,105923.26348277,0.20,2025-06-09 05:13:39.309466+00
uAPT,uAPT Token,KyberSwap,SELL,957.87003400,4.49132566,0.50,2025-06-09 05:13:22.786721+00
uAPT,uAPT Token,Universal Assets,BUY,213.27111581,4.68886748,0.20,2025-06-09 05:13:22.630271+00
uLINK,uLINK Token,KyberSwap,SELL,990.52835400,13.52991592,0.50,2025-06-09 05:13:22.256092+00
uLINK,uLINK Token,Universal Assets,BUY,73.21023724,13.65929189,0.20,2025-06-09 05:13:22.077548+00
uSHIB,uSHIB Token,KyberSwap,SELL,993.72881700,0.00001237,0.50,2025-06-09 05:13:21.689586+00
uSHIB,uSHIB Token,Universal Assets,BUY,80320654.09949592,0.00001245,0.20,2025-06-09 05:13:21.536084+00
uDOGE,uDOGE Token,KyberSwap,SELL,994.46602700,0.18093525,0.50,2025-06-09 05:13:21.171479+00
uDOGE,uDOGE Token,Universal Assets,BUY,5496.25357780,0.18194211,0.20,2025-06-09 05:13:21.018635+00
uSEI,uSEI Token,KyberSwap,SELL,840.18261800,0.15808634,0.50,2025-06-09 05:13:20.634592+00
uSEI,uSEI Token,Universal Assets,BUY,5314.70710157,0.18815712,0.20,2025-06-09 05:13:20.406271+00
uBTC,Bitcoin,KyberSwap,SELL,993.56307600,105216.10501425,0.50,2025-06-09 05:13:19.939197+00
uBTC,Bitcoin,Universal Assets,BUY,0.00944307,105897.76085262,0.20,2025-06-09 05:13:19.785577+00
uAPT,uAPT Token,KyberSwap,SELL,958.14737300,4.49262606,0.50,2025-06-09 05:13:02.204907+00
uAPT,uAPT Token,Universal Assets,BUY,213.27111581,4.68886748,0.20,2025-06-09 05:13:02.047459+00
uLINK,uLINK Token,KyberSwap,SELL,991.11030700,13.53476294,0.50,2025-06-09 05:13:01.679778+00
uLINK,uLINK Token,Universal Assets,BUY,73.22701633,13.65616203,0.20,2025-06-09 05:13:01.522653+00
uSHIB,uSHIB Token,KyberSwap,SELL,994.88431700,0.00001238,0.50,2025-06-09 05:13:01.042239+00
uSHIB,uSHIB Token,Universal Assets,BUY,80385481.10038333,0.00001244,0.20,2025-06-09 05:13:00.87411+00
uDOGE,uDOGE Token,KyberSwap,SELL,994.97295400,0.18098752,0.50,2025-06-09 05:13:00.505661+00
uDOGE,uDOGE Token,Universal Assets,BUY,5497.46707972,0.18190195,0.20,2025-06-09 05:13:00.211458+00
uSEI,uSEI Token,KyberSwap,SELL,840.42306800,0.15813159,0.50,2025-06-09 05:12:59.839787+00
uSEI,uSEI Token,Universal Assets,BUY,5314.70710157,0.18815712,0.20,2025-06-09 05:12:59.686478+00
uBTC,Bitcoin,KyberSwap,SELL,993.87162100,105247.27827172,0.50,2025-06-09 05:12:59.320783+00
uBTC,Bitcoin,Universal Assets,BUY,0.00944320,105896.25063026,0.20,2025-06-09 05:12:59.159468+00
uAPT,uAPT Token,KyberSwap,SELL,958.01810700,4.49201995,0.50,2025-06-09 05:12:42.048954+00
uAPT,uAPT Token,Universal Assets,BUY,213.27111581,4.68886748,0.20,2025-06-09 05:12:41.890692+00
uLINK,uLINK Token,KyberSwap,SELL,990.53670000,13.53294643,0.50,2025-06-09 05:12:41.535133+00
uLINK,uLINK Token,Universal Assets,BUY,73.19445953,13.66223627,0.20,2025-06-09 05:12:41.383543+00
uSHIB,uSHIB Token,KyberSwap,SELL,993.95139200,0.00001237,0.50,2025-06-09 05:12:41.024162+00
uSHIB,uSHIB Token,Universal Assets,BUY,80320654.09949592,0.00001245,0.20,2025-06-09 05:12:40.870343+00
uDOGE,uDOGE Token,KyberSwap,SELL,994.51026400,0.18096327,0.50,2025-06-09 05:12:40.507905+00
uDOGE,uDOGE Token,Universal Assets,BUY,5495.64702772,0.18196220,0.20,2025-06-09 05:12:40.248203+00
uSEI,uSEI Token,KyberSwap,SELL,840.30916400,0.15819453,0.50,2025-06-09 05:12:39.832121+00
uSEI,uSEI Token,Universal Assets,BUY,5311.87259111,0.18825753,0.20,2025-06-09 05:12:39.665857+00
uBTC,Bitcoin,KyberSwap,SELL,993.55737600,105236.14115120,0.50,2025-06-09 05:12:39.273836+00
uBTC,Bitcoin,Universal Assets,BUY,0.00944122,105918.53444325,0.20,2025-06-09 05:12:39.102149+00
uAPT,uAPT Token,KyberSwap,SELL,957.87421700,4.49134527,0.50,2025-06-09 05:12:22.437571+00
uAPT,uAPT Token,Universal Assets,BUY,213.27111581,4.68886748,0.20,2025-06-09 05:12:22.219457+00
uLINK,uLINK Token,KyberSwap,SELL,990.63966100,13.53091178,0.50,2025-06-09 05:12:21.843975+00
uLINK,uLINK Token,Universal Assets,BUY,73.21307515,13.65876243,0.20,2025-06-09 05:12:21.689443+00
uSHIB,uSHIB Token,KyberSwap,SELL,993.80200300,0.00001237,0.50,2025-06-09 05:12:21.330777+00
uSHIB,uSHIB Token,Universal Assets,BUY,80320654.09949592,0.00001245,0.20,2025-06-09 05:12:21.176411+00
uDOGE,uDOGE Token,KyberSwap,SELL,994.43406900,0.18093606,0.50,2025-06-09 05:12:20.791709+00
uDOGE,uDOGE Token,Universal Assets,BUY,5496.05238088,0.18194878,0.20,2025-06-09 05:12:20.635563+00
uSEI,uSEI Token,KyberSwap,SELL,840.18658700,0.15810732,0.50,2025-06-09 05:12:20.169419+00
uSEI,uSEI Token,Universal Assets,BUY,5314.02719111,0.18818120,0.20,2025-06-09 05:12:20.01487+00
uBTC,Bitcoin,KyberSwap,SELL,993.59162000,105235.44859205,0.50,2025-06-09 05:12:19.643229+00
uBTC,Bitcoin,Universal Assets,BUY,0.00944161,105914.18694942,0.20,2025-06-09 05:12:19.485004+00
uAPT,uAPT Token,KyberSwap,SELL,957.99995800,4.49193485,0.50,2025-06-09 05:12:02.210223+00
uAPT,uAPT Token,Universal Assets,BUY,213.27111581,4.68886748,0.20,2025-06-09 05:12:02.041665+00
uLINK,uLINK Token,KyberSwap,SELL,990.95450500,13.53268909,0.50,2025-06-09 05:12:01.669653+00
uLINK,uLINK Token,Universal Assets,BUY,73.22672519,13.65621633,0.20,2025-06-09 05:12:01.491016+00
uSHIB,uSHIB Token,KyberSwap,SELL,993.93256300,0.00001237,0.50,2025-06-09 05:12:01.108458+00
uSHIB,uSHIB Token,Universal Assets,BUY,80320654.09949592,0.00001245,0.20,2025-06-09 05:12:00.883849+00
uDOGE,uDOGE Token,KyberSwap,SELL,994.63141900,0.18096534,0.50,2025-06-09 05:12:00.338328+00
uDOGE,uDOGE Token,Universal Assets,BUY,5496.25357780,0.18194211,0.20,2025-06-09 05:12:00.122916+00
uSEI,uSEI Token,KyberSwap,SELL,840.29324500,0.15814265,0.50,2025-06-09 05:11:59.690639+00
uSEI,uSEI Token,Universal Assets,BUY,5313.51450271,0.18819935,0.20,2025-06-09 05:11:59.527794+00
uBTC,Bitcoin,KyberSwap,SELL,993.62590900,105251.05196725,0.50,2025-06-09 05:11:59.142891+00
uBTC,Bitcoin,Universal Assets,BUY,0.00944053,105926.23543117,0.20,2025-06-09 05:11:58.981771+00
uAPT,uAPT Token,KyberSwap,SELL,957.84481000,4.49120738,0.50,2025-06-09 05:11:42.331435+00
uAPT,uAPT Token,Universal Assets,BUY,213.27111581,4.68886748,0.20,2025-06-09 05:11:42.168279+00
uLINK,uLINK Token,KyberSwap,SELL,990.25451100,13.52883165,0.50,2025-06-09 05:11:41.72762+00
uLINK,uLINK Token,Universal Assets,BUY,73.19586322,13.66197427,0.20,2025-06-09 05:11:41.572799+00
uSHIB,uSHIB Token,KyberSwap,SELL,992.97370000,0.00001237,0.50,2025-06-09 05:11:41.203431+00
uSHIB,uSHIB Token,Universal Assets,BUY,80255931.57403299,0.00001246,0.20,2025-06-09 05:11:40.987121+00
uDOGE,uDOGE Token,KyberSwap,SELL,993.72663600,0.18091048,0.50,2025-06-09 05:11:40.605447+00
uDOGE,uDOGE Token,Universal Assets,BUY,5492.91920822,0.18205256,0.20,2025-06-09 05:11:40.440426+00
uSEI,uSEI Token,KyberSwap,SELL,839.86570800,0.15802672,0.50,2025-06-09 05:11:40.018444+00
uSEI,uSEI Token,Universal Assets,BUY,5314.70710157,0.18815712,0.20,2025-06-09 05:11:39.864596+00
uBTC,Bitcoin,KyberSwap,SELL,993.57681900,105246.25661000,0.50,2025-06-09 05:11:39.406446+00
uBTC,Bitcoin,Universal Assets,BUY,0.00944050,105926.64260820,0.20,2025-06-09 05:11:39.240044+00
uAPT,uAPT Token,KyberSwap,SELL,957.44492900,4.48933239,0.50,2025-06-09 05:11:22.707262+00
uAPT,uAPT Token,Universal Assets,BUY,213.27111581,4.68886748,0.20,2025-06-09 05:11:22.554588+00
uLINK,uLINK Token,KyberSwap,SELL,990.61811900,13.52484767,0.50,2025-06-09 05:11:22.139932+00
uLINK,uLINK Token,Universal Assets,BUY,73.24430878,13.65293791,0.20,2025-06-09 05:11:21.961875+00
uSHIB,uSHIB Token,KyberSwap,SELL,993.35667200,0.00001237,0.50,2025-06-09 05:11:21.587534+00
uSHIB,uSHIB Token,Universal Assets,BUY,80320654.09949592,0.00001245,0.20,2025-06-09 05:11:21.436226+00
uDOGE,uDOGE Token,KyberSwap,SELL,994.41013000,0.18085519,0.50,2025-06-09 05:11:21.008441+00
uDOGE,uDOGE Token,Universal Assets,BUY,5498.37755788,0.18187183,0.20,2025-06-09 05:11:20.844334+00
uSEI,uSEI Token,KyberSwap,SELL,839.80946400,0.15789979,0.50,2025-06-09 05:11:20.323974+00
uSEI,uSEI Token,Universal Assets,BUY,5318.62308908,0.18801859,0.20,2025-06-09 05:11:20.146186+00
uBTC,Bitcoin,KyberSwap,SELL,993.67981400,105232.81725475,0.50,2025-06-09 05:11:19.76648+00
uBTC,Bitcoin,Universal Assets,BUY,0.00944268,105902.13846766,0.20,2025-06-09 05:11:19.610044+00
uAPT,uAPT Token,KyberSwap,SELL,957.39028600,4.48907618,0.50,2025-06-09 05:11:01.499155+00
uAPT,uAPT Token,Universal Assets,BUY,213.27111581,4.68886748,0.20,2025-06-09 05:11:01.346009+00
uLINK,uLINK Token,KyberSwap,SELL,990.03809900,13.52407698,0.50,2025-06-09 05:11:00.971571+00
uLINK,uLINK Token,Universal Assets,BUY,73.20559477,13.66015812,0.20,2025-06-09 05:11:00.760645+00
uSHIB,uSHIB Token,KyberSwap,SELL,993.29997900,0.00001237,0.50,2025-06-09 05:11:00.30369+00
uSHIB,uSHIB Token,Universal Assets,BUY,80320654.09949592,0.00001245,0.20,2025-06-09 05:11:00.069438+00
uDOGE,uDOGE Token,KyberSwap,SELL,993.20197300,0.18082127,0.50,2025-06-09 05:10:59.686417+00
uDOGE,uDOGE Token,Universal Assets,BUY,5492.72767997,0.18205891,0.20,2025-06-09 05:10:59.518968+00
uSEI,uSEI Token,KyberSwap,SELL,839.76004200,0.15792252,0.50,2025-06-09 05:10:59.08384+00
uSEI,uSEI Token,Universal Assets,BUY,5317.54463873,0.18805672,0.20,2025-06-09 05:10:58.905243+00
uBTC,Bitcoin,KyberSwap,SELL,993.60749600,105227.15386753,0.50,2025-06-09 05:10:58.428541+00
uBTC,Bitcoin,Universal Assets,BUY,0.00944250,105904.14654796,0.20,2025-06-09 05:10:58.254434+00
uAPT,uAPT Token,KyberSwap,SELL,957.20781500,4.48822060,0.50,2025-06-09 05:10:41.707633+00
uAPT,uAPT Token,Universal Assets,BUY,213.27111581,4.68886748,0.20,2025-06-09 05:10:41.554703+00
uLINK,uLINK Token,KyberSwap,SELL,990.70913800,13.52120433,0.50,2025-06-09 05:10:41.154971+00
uLINK,uLINK Token,Universal Assets,BUY,73.27077632,13.64800607,0.20,2025-06-09 05:10:40.997991+00
uSHIB,uSHIB Token,KyberSwap,SELL,993.88776900,0.00001236,0.50,2025-06-09 05:10:40.633816+00
uSHIB,uSHIB Token,Universal Assets,BUY,80385481.10038333,0.00001244,0.20,2025-06-09 05:10:40.405151+00
uDOGE,uDOGE Token,KyberSwap,SELL,994.30686200,0.18080646,0.50,2025-06-09 05:10:39.928777+00
uDOGE,uDOGE Token,Universal Assets,BUY,5499.28833766,0.18184171,0.20,2025-06-09 05:10:39.774038+00
uSEI,uSEI Token,KyberSwap,SELL,839.60800000,0.15777763,0.50,2025-06-09 05:10:39.388316+00
uSEI,uSEI Token,Universal Assets,BUY,5321.46423389,0.18791820,0.20,2025-06-09 05:10:39.143999+00
uBTC,Bitcoin,KyberSwap,SELL,993.69930600,105221.54206310,0.50,2025-06-09 05:10:38.640366+00
uBTC,Bitcoin,Universal Assets,BUY,0.00944388,105888.71445091,0.20,2025-06-09 05:10:38.448659+00
uAPT,uAPT Token,KyberSwap,SELL,957.21106000,4.48823581,0.50,2025-06-09 05:10:21.790862+00
uAPT,uAPT Token,Universal Assets,BUY,213.27111581,4.68886748,0.20,2025-06-09 05:10:21.625068+00
uLINK,uLINK Token,KyberSwap,SELL,990.59706400,13.52153741,0.50,2025-06-09 05:10:21.267905+00
uLINK,uLINK Token,Universal Assets,BUY,73.26068287,13.64988642,0.20,2025-06-09 05:10:21.11558+00
uSHIB,uSHIB Token,KyberSwap,SELL,993.11354500,0.00001236,0.50,2025-06-09 05:10:20.720364+00
uSHIB,uSHIB Token,Universal Assets,BUY,80320654.09949592,0.00001245,0.20,2025-06-09 05:10:20.555585+00
uDOGE,uDOGE Token,KyberSwap,SELL,993.79496900,0.18081316,0.50,2025-06-09 05:10:19.962496+00
uDOGE,uDOGE Token,Universal Assets,BUY,5496.25357780,0.18194211,0.20,2025-06-09 05:10:19.799162+00
uSEI,uSEI Token,KyberSwap,SELL,839.60866500,0.15786204,0.50,2025-06-09 05:10:19.440878+00
uSEI,uSEI Token,Universal Assets,BUY,5318.62308908,0.18801859,0.20,2025-06-09 05:10:19.286624+00
uBTC,Bitcoin,KyberSwap,SELL,993.54781900,105224.04597509,0.50,2025-06-09 05:10:18.922041+00
uBTC,Bitcoin,Universal Assets,BUY,0.00944221,105907.37955723,0.20,2025-06-09 05:10:18.764032+00
uAPT,uAPT Token,KyberSwap,SELL,955.36781500,4.48918536,0.50,2025-06-09 05:10:01.140625+00
uAPT,uAPT Token,Universal Assets,BUY,212.81540830,4.69890788,0.20,2025-06-09 05:10:00.978898+00
uLINK,uLINK Token,KyberSwap,SELL,990.18492800,13.52319145,0.50,2025-06-09 05:10:00.614325+00
uLINK,uLINK Token,Universal Assets,BUY,73.22124599,13.65723823,0.20,2025-06-09 05:10:00.457579+00
uSHIB,uSHIB Token,KyberSwap,SELL,993.23553000,0.00001237,0.50,2025-06-09 05:09:59.958278+00
uSHIB,uSHIB Token,Universal Assets,BUY,80320654.09949592,0.00001245,0.20,2025-06-09 05:09:59.807064+00
uDOGE,uDOGE Token,KyberSwap,SELL,993.64253600,0.18083531,0.50,2025-06-09 05:09:59.447739+00
uDOGE,uDOGE Token,Universal Assets,BUY,5494.73745357,0.18199232,0.20,2025-06-09 05:09:59.281663+00
uSEI,uSEI Token,KyberSwap,SELL,839.70652000,0.15801529,0.50,2025-06-09 05:09:58.910441+00
uSEI,uSEI Token,Universal Assets,BUY,5314.08400871,0.18817919,0.20,2025-06-09 05:09:58.757211+00
uBTC,Bitcoin,KyberSwap,SELL,993.54261300,105243.25699224,0.50,2025-06-09 05:09:58.378878+00
uBTC,Bitcoin,Universal Assets,BUY,0.00944044,105927.27037087,0.20,2025-06-09 05:09:57.986729+00
uAPT,uAPT Token,KyberSwap,SELL,955.15103500,4.48816673,0.50,2025-06-09 05:09:41.334633+00
uAPT,uAPT Token,Universal Assets,BUY,212.81540830,4.69890788,0.20,2025-06-09 05:09:41.156976+00
uLINK,uLINK Token,KyberSwap,SELL,989.90809300,13.52012205,0.50,2025-06-09 05:09:40.748441+00
uLINK,uLINK Token,Universal Assets,BUY,73.21739327,13.65795688,0.20,2025-06-09 05:09:40.578454+00
uSHIB,uSHIB Token,KyberSwap,SELL,992.38128100,0.00001237,0.50,2025-06-09 05:09:40.114722+00
uSHIB,uSHIB Token,Universal Assets,BUY,80255931.57403299,0.00001246,0.20,2025-06-09 05:09:39.92473+00
uDOGE,uDOGE Token,KyberSwap,SELL,993.24368000,0.18079264,0.50,2025-06-09 05:09:39.482879+00
uDOGE,uDOGE Token,Universal Assets,BUY,5493.82818045,0.18202244,0.20,2025-06-09 05:09:39.311456+00
uSEI,uSEI Token,KyberSwap,SELL,839.65879800,0.15807040,0.50,2025-06-09 05:09:38.855167+00
uSEI,uSEI Token,Universal Assets,BUY,5311.92940871,0.18825551,0.20,2025-06-09 05:09:38.695534+00
uBTC,Bitcoin,KyberSwap,SELL,993.37019500,105228.96367494,0.50,2025-06-09 05:09:38.312442+00
uBTC,Bitcoin,Universal Assets,BUY,0.00944008,105931.26732068,0.20,2025-06-09 05:09:38.148586+00
uAPT,uAPT Token,KyberSwap,SELL,955.21859900,4.48848421,0.50,2025-06-09 05:09:21.282787+00
uAPT,uAPT Token,Universal Assets,BUY,212.81540830,4.69890788,0.20,2025-06-09 05:09:21.098191+00
uLINK,uLINK Token,KyberSwap,SELL,990.48772200,13.52107839,0.50,2025-06-09 05:09:20.530907+00
uLINK,uLINK Token,Universal Assets,BUY,73.25508317,13.65092983,0.20,2025-06-09 05:09:20.200087+00
uSHIB,uSHIB Token,KyberSwap,SELL,993.07986700,0.00001236,0.50,2025-06-09 05:09:19.800764+00
uSHIB,uSHIB Token,Universal Assets,BUY,80320654.09949592,0.00001245,0.20,2025-06-09 05:09:19.611325+00
uDOGE,uDOGE Token,KyberSwap,SELL,993.53310500,0.18080542,0.50,2025-06-09 05:09:19.183956+00
uDOGE,uDOGE Token,Universal Assets,BUY,5495.04061150,0.18198228,0.20,2025-06-09 05:09:19.016295+00
uSEI,uSEI Token,KyberSwap,SELL,839.57462800,0.15799047,0.50,2025-06-09 05:09:18.641662+00
uSEI,uSEI Token,Universal Assets,BUY,5314.08400871,0.18817919,0.20,2025-06-09 05:09:18.480127+00
uBTC,Bitcoin,KyberSwap,SELL,993.43218300,105233.47629456,0.50,2025-06-09 05:09:18.078933+00
uBTC,Bitcoin,Universal Assets,BUY,0.00944027,105929.19989442,0.20,2025-06-09 05:09:17.915857+00
uLINK,uLINK Token,KyberSwap,SELL,990.53929100,13.52078416,0.50,2025-06-09 05:09:07.771229+00
uLINK,uLINK Token,Universal Assets,BUY,73.26049137,13.64992210,0.20,2025-06-09 05:09:07.600353+00
uSHIB,uSHIB Token,KyberSwap,SELL,993.05825800,0.00001236,0.50,2025-06-09 05:09:07.225945+00
uSHIB,uSHIB Token,Universal Assets,BUY,80320654.09949592,0.00001245,0.20,2025-06-09 05:09:07.062776+00
uDOGE,uDOGE Token,KyberSwap,SELL,993.76986700,0.18080859,0.50,2025-06-09 05:09:06.65988+00
uDOGE,uDOGE Token,Universal Assets,BUY,5496.25357780,0.18194211,0.20,2025-06-09 05:09:06.496053+00
uSEI,uSEI Token,KyberSwap,SELL,839.55425000,0.15796811,0.50,2025-06-09 05:09:06.117061+00
uSEI,uSEI Token,Universal Assets,BUY,5314.70710157,0.18815712,0.20,2025-06-09 05:09:05.908973+00
uBTC,Bitcoin,KyberSwap,SELL,993.43515500,105233.98087537,0.50,2025-06-09 05:09:05.515973+00
uBTC,Bitcoin,Universal Assets,BUY,0.00944025,105929.39090762,0.20,2025-06-09 05:09:05.347799+00
uAPT,uAPT Token,KyberSwap,SELL,955.12635200,4.48805075,0.50,2025-06-09 05:08:41.007962+00
uAPT,uAPT Token,Universal Assets,BUY,212.81540830,4.69890788,0.20,2025-06-09 05:08:40.843474+00
uLINK,uLINK Token,KyberSwap,SELL,990.61006900,13.51976470,0.50,2025-06-09 05:08:40.282739+00
uLINK,uLINK Token,Universal Assets,BUY,73.27125071,13.64791771,0.20,2025-06-09 05:08:40.013635+00
uSHIB,uSHIB Token,KyberSwap,SELL,992.18963100,0.00001236,0.50,2025-06-09 05:08:39.60716+00
uSHIB,uSHIB Token,Universal Assets,BUY,80256214.46937343,0.00001246,0.20,2025-06-09 05:08:39.409066+00
uDOGE,uDOGE Token,KyberSwap,SELL,993.54668500,0.18078794,0.50,2025-06-09 05:08:39.006335+00
uDOGE,uDOGE Token,Universal Assets,BUY,5495.64702772,0.18196220,0.20,2025-06-09 05:08:38.830031+00
uSEI,uSEI Token,KyberSwap,SELL,839.47880800,0.15797244,0.50,2025-06-09 05:08:38.431735+00
uSEI,uSEI Token,Universal Assets,BUY,5314.08400871,0.18817919,0.20,2025-06-09 05:08:38.254774+00
uBTC,Bitcoin,KyberSwap,SELL,993.41375900,105233.12798487,0.50,2025-06-09 05:08:37.871038+00
uBTC,Bitcoin,Universal Assets,BUY,0.00944012,105930.81385424,0.20,2025-06-09 05:08:37.711333+00
uAPT,uAPT Token,KyberSwap,SELL,955.05512300,4.48771605,0.50,2025-06-09 05:08:22.611093+00
uAPT,uAPT Token,Universal Assets,BUY,212.81540830,4.69890788,0.20,2025-06-09 05:08:22.429001+00
uLINK,uLINK Token,KyberSwap,SELL,989.94443100,13.52061957,0.50,2025-06-09 05:08:22.02037+00
uLINK,uLINK Token,Universal Assets,BUY,73.21738667,13.65795811,0.20,2025-06-09 05:08:21.854846+00
uSHIB,uSHIB Token,KyberSwap,SELL,992.11244800,0.00001236,0.50,2025-06-09 05:08:21.47451+00
uSHIB,uSHIB Token,Universal Assets,BUY,80255931.57403299,0.00001246,0.20,2025-06-09 05:08:21.30644+00
uDOGE,uDOGE Token,KyberSwap,SELL,993.66361300,0.18079924,0.50,2025-06-09 05:08:20.926498+00
uDOGE,uDOGE Token,Universal Assets,BUY,5495.95028603,0.18195216,0.20,2025-06-09 05:08:20.731931+00
uSEI,uSEI Token,KyberSwap,SELL,839.43126200,0.15794497,0.50,2025-06-09 05:08:20.228701+00
uSEI,uSEI Token,Universal Assets,BUY,5314.70710157,0.18815712,0.20,2025-06-09 05:08:20.060414+00
uBTC,Bitcoin,KyberSwap,SELL,993.36544100,105225.33664467,0.50,2025-06-09 05:08:19.607336+00
uBTC,Bitcoin,Universal Assets,BUY,0.00944036,105928.12302665,0.20,2025-06-09 05:08:19.433375+00
uAPT,uAPT Token,KyberSwap,SELL,955.05774900,4.48772839,0.50,2025-06-09 05:08:01.116409+00
uAPT,uAPT Token,Universal Assets,BUY,212.81540830,4.69890788,0.20,2025-06-09 05:08:00.942191+00
uLINK,uLINK Token,KyberSwap,SELL,989.81139700,13.51880260,0.50,2025-06-09 05:08:00.50455+00
uLINK,uLINK Token,Universal Assets,BUY,73.21738667,13.65795811,0.20,2025-06-09 05:08:00.08841+00
uSHIB,uSHIB Token,KyberSwap,SELL,992.11926600,0.00001236,0.50,2025-06-09 05:07:59.694027+00
uSHIB,uSHIB Token,Universal Assets,BUY,80256244.14680696,0.00001246,0.20,2025-06-09 05:07:59.514958+00
uDOGE,uDOGE Token,KyberSwap,SELL,993.58488600,0.18077494,0.50,2025-06-09 05:07:59.108681+00
uDOGE,uDOGE Token,Universal Assets,BUY,5496.25357780,0.18194211,0.20,2025-06-09 05:07:58.943246+00
uSEI,uSEI Token,KyberSwap,SELL,839.43549500,0.15791374,0.50,2025-06-09 05:07:58.555961+00
uSEI,uSEI Token,Universal Assets,BUY,5315.78497643,0.18811897,0.20,2025-06-09 05:07:58.394316+00
uBTC,Bitcoin,KyberSwap,SELL,993.56514500,105225.68701241,0.50,2025-06-09 05:07:57.994073+00
uBTC,Bitcoin,Universal Assets,BUY,0.00944223,105907.18438740,0.20,2025-06-09 05:07:57.817483+00
uAPT,uAPT Token,KyberSwap,SELL,956.43888500,4.48739256,0.50,2025-06-09 05:07:41.07482+00
uAPT,uAPT Token,Universal Assets,BUY,213.13911623,4.69177135,0.20,2025-06-09 05:07:40.902036+00
uLINK,uLINK Token,KyberSwap,SELL,989.84898700,13.51911954,0.50,2025-06-09 05:07:40.527725+00
uLINK,uLINK Token,Universal Assets,BUY,73.21845068,13.65775963,0.20,2025-06-09 05:07:40.29078+00